-- MySQL Script generated by MySQL Workbench
-- 11/14/15 20:38:02
-- Model: New Model    Version: 1.0
-- MySQL Workbench Forward Engineering

SET @OLD_UNIQUE_CHECKS=@@UNIQUE_CHECKS, UNIQUE_CHECKS=0;
SET @OLD_FOREIGN_KEY_CHECKS=@@FOREIGN_KEY_CHECKS, FOREIGN_KEY_CHECKS=0;
SET @OLD_SQL_MODE=@@SQL_MODE, SQL_MODE='TRADITIONAL,ALLOW_INVALID_DATES';

-- -----------------------------------------------------
-- Schema tarea3grupo22
-- -----------------------------------------------------

-- -----------------------------------------------------
-- Schema tarea3grupo22
-- -----------------------------------------------------
CREATE SCHEMA IF NOT EXISTS `tarea3grupo22` DEFAULT CHARACTER SET utf8 ;
USE `tarea3grupo22` ;

-- -----------------------------------------------------
-- Table `tarea3grupo22`.`userStatus`
-- -----------------------------------------------------
DROP TABLE IF EXISTS `tarea3grupo22`.`userStatus` ;

CREATE TABLE IF NOT EXISTS `tarea3grupo22`.`userStatus` (
  `iduserStatus` INT NOT NULL,
  `name` VARCHAR(45) NOT NULL,
  `until` DATETIME NULL,
  PRIMARY KEY (`iduserStatus`))
ENGINE = InnoDB;


-- -----------------------------------------------------
-- Table `tarea3grupo22`.`chessClub`
-- -----------------------------------------------------
DROP TABLE IF EXISTS `tarea3grupo22`.`chessClub` ;

CREATE TABLE IF NOT EXISTS `tarea3grupo22`.`chessClub` (
  `idchessClub` INT NOT NULL,
  `name` VARCHAR(45) NULL,
  `description` VARCHAR(255) NULL,
  `website` VARCHAR(45) NULL,
  PRIMARY KEY (`idchessClub`))
ENGINE = InnoDB;


-- -----------------------------------------------------
-- Table `tarea3grupo22`.`chessPlayer`
-- -----------------------------------------------------
DROP TABLE IF EXISTS `tarea3grupo22`.`chessPlayer` ;

CREATE TABLE IF NOT EXISTS `tarea3grupo22`.`chessPlayer` (
  `idchessPlayer` INT NOT NULL,
  `chessPlayercol` VARCHAR(45) NULL,
  `playerName` VARCHAR(45) NULL,
  PRIMARY KEY (`idchessPlayer`))
ENGINE = InnoDB;


-- -----------------------------------------------------
-- Table `tarea3grupo22`.`sex`
-- -----------------------------------------------------
DROP TABLE IF EXISTS `tarea3grupo22`.`sex` ;

CREATE TABLE IF NOT EXISTS `tarea3grupo22`.`sex` (
  `idtable1` CHAR(1) NOT NULL,
  `description` VARCHAR(45) NOT NULL,
  PRIMARY KEY (`idtable1`))
ENGINE = InnoDB;


-- -----------------------------------------------------
-- Table `tarea3grupo22`.`user`
-- -----------------------------------------------------
DROP TABLE IF EXISTS `tarea3grupo22`.`user` ;

CREATE TABLE IF NOT EXISTS `tarea3grupo22`.`user` (
  `username` VARCHAR(30) NOT NULL,
  `password` VARCHAR(30) NOT NULL,
  `first_name` VARCHAR(50) NOT NULL,
  `last_name` VARCHAR(50) NOT NULL,
  `email` VARCHAR(100) NOT NULL,
  `sex` CHAR(1) NULL,
  `avatar` VARCHAR(100) NULL,
  `userStatus` INT NOT NULL,
  `chessClub_idchessClub` INT NULL,
  `chessPlayer_idchessPlayer` INT NULL,
  PRIMARY KEY (`username`),
  INDEX `fk_User_userStatus_idx` (`userStatus` ASC),
  INDEX `fk_user_chessClub1_idx` (`chessClub_idchessClub` ASC),
  INDEX `fk_user_chessPlayer1_idx` (`chessPlayer_idchessPlayer` ASC),
  INDEX `fk_user_sex1_idx` (`sex` ASC),
  CONSTRAINT `fk_User_userStatus`
    FOREIGN KEY (`userStatus`)
    REFERENCES `tarea3grupo22`.`userStatus` (`iduserStatus`)
    ON DELETE NO ACTION
    ON UPDATE NO ACTION,
  CONSTRAINT `fk_user_chessClub1`
    FOREIGN KEY (`chessClub_idchessClub`)
    REFERENCES `tarea3grupo22`.`chessClub` (`idchessClub`)
    ON DELETE SET NULL
    ON UPDATE CASCADE,
  CONSTRAINT `fk_user_chessPlayer1`
    FOREIGN KEY (`chessPlayer_idchessPlayer`)
    REFERENCES `tarea3grupo22`.`chessPlayer` (`idchessPlayer`)
    ON DELETE SET NULL
    ON UPDATE CASCADE,
  CONSTRAINT `fk_user_sex1`
    FOREIGN KEY (`sex`)
    REFERENCES `tarea3grupo22`.`sex` (`idtable1`)
    ON DELETE NO ACTION
    ON UPDATE NO ACTION)
ENGINE = InnoDB;


-- -----------------------------------------------------
-- Table `tarea3grupo22`.`publication`
-- -----------------------------------------------------
DROP TABLE IF EXISTS `tarea3grupo22`.`publication` ;

CREATE TABLE IF NOT EXISTS `tarea3grupo22`.`publication` (
  `idPublication` INT NOT NULL AUTO_INCREMENT,
  PRIMARY KEY (`idPublication`))
ENGINE = InnoDB;

INSERT INTO `publication` (`idPublication`) VALUES
(5),
(6);



-- -----------------------------------------------------
-- Table `tarea3grupo22`.`comment`
-- -----------------------------------------------------
DROP TABLE IF EXISTS `tarea3grupo22`.`comment` ;

CREATE TABLE IF NOT EXISTS `tarea3grupo22`.`comment` (
  `id_comment` INT NOT NULL,
  `commented_publication` INT NOT NULL,
  `content` VARCHAR(1000) NOT NULL,
  `date` DATE NOT NULL,
  PRIMARY KEY (`id_comment`),
  INDEX `fk_comment_publication2_idx` (`commented_publication` ASC),
  CONSTRAINT `fk_comment_publication1`
    FOREIGN KEY (`id_comment`)
    REFERENCES `tarea3grupo22`.`publication` (`idPublication`)
    ON DELETE CASCADE
    ON UPDATE CASCADE,
  CONSTRAINT `fk_comment_publication2`
    FOREIGN KEY (`commented_publication`)
    REFERENCES `tarea3grupo22`.`publication` (`idPublication`)
    ON DELETE CASCADE
    ON UPDATE CASCADE)
ENGINE = InnoDB;


-- -----------------------------------------------------
-- Table `tarea3grupo22`.`news`
-- -----------------------------------------------------
DROP TABLE IF EXISTS `tarea3grupo22`.`news` ;

CREATE TABLE IF NOT EXISTS `tarea3grupo22`.`news` (
  `id_new` INT NOT NULL,
  `title` VARCHAR(45) NOT NULL,
  `date` DATE NOT NULL,
  `content` VARCHAR(1000) NULL,
  `image_url` VARCHAR(45) NULL,
  `video_url` VARCHAR(45) NULL,
  `category` VARCHAR(45) NULL,
  PRIMARY KEY (`id_new`),
  INDEX `fk_news_publication1_idx` (`id_new` ASC),
  CONSTRAINT `fk_news_publication1`
    FOREIGN KEY (`id_new`)
    REFERENCES `tarea3grupo22`.`publication` (`idPublication`)
    ON DELETE CASCADE
    ON UPDATE CASCADE)
ENGINE = InnoDB;

INSERT INTO `news` (`id_new`, `title`, `date`, `content`, `image_url`, `video_url`, `category`) VALUES
(5, 'Ganadores Primer Torneo Chacriento 2015', '2015-11-13', 'Finaliza el primer torneo chacriento realizado en la FCFM este año 2015.\r\nEn la imágen podemos ver a los felices ganadores.\r\nDe derecha a izquierda:\r\nJuan Pérez     - Plata\r\nKevin Rosero - Bronce\r\nLuis Pinochet - Oro.\r\n\r\nExtendemos nuestras felicitaciones a todos los participantes y esperamos puedan seguir asistiendo a los siguientes eventos que se realizarán en la facultad.', '5.jpg', NULL, 'fcfm'),
(6, 'Ganadores Segundo Torneo Chacriento 2015', '2015-11-13', 'Finaliza el segundo torneo chacriento realizado en la FCFM este año 2015. En la imágen podemos ver a los felices ganadores.\r\nDe derecha a izquierda: \r\nPablo Poblete - Plata\r\nLuis Pinochet - Oro\r\nJuan Pérez - Bronce.\r\nExtendemos nuestras felicitaciones a todos los participantes y esperamos puedan seguir asistiendo a los siguientes eventos que se realizarán en la facultad.', '6.jpg', NULL, 'fcfm');


-- -----------------------------------------------------
-- Table `tarea3grupo22`.`timestamps`
-- -----------------------------------------------------
DROP TABLE IF EXISTS `tarea3grupo22`.`timestamps` ;

CREATE TABLE IF NOT EXISTS `tarea3grupo22`.`timestamps` (
  `username` VARCHAR(30) NOT NULL,
  `update_time` DATE NULL,
  `create_time` DATE NULL,
  INDEX `fk_activity_User1_idx` (`username` ASC),
  PRIMARY KEY (`username`),
  CONSTRAINT `fk_activity_User1`
    FOREIGN KEY (`username`)
    REFERENCES `tarea3grupo22`.`user` (`username`)
    ON DELETE NO ACTION
    ON UPDATE NO ACTION)
ENGINE = InnoDB;

INSERT INTO `timestamps` (`username`, `update_time`, `create_time`) VALUES
('hola', '2015-10-30', '2015-10-30'),
('user01', '2015-11-11', '2015-10-30'),
('user02', '2015-10-30', '2015-10-30'),
('user03', '2015-10-30', '2015-10-30'),
('user04', '2015-10-30', '2015-10-30'),
('user05', '2015-10-30', '2015-10-30'),
('user06', '2015-10-30', '2015-10-30'),
('user07', '2015-10-30', '2015-10-30'),
('user08', '2015-10-30', '2015-10-30'),
('user09', '2015-10-30', '2015-10-30'),
('user10', '2015-10-30', '2015-10-30');


-- -----------------------------------------------------
-- Table `tarea3grupo22`.`privateMessage`
-- -----------------------------------------------------
DROP TABLE IF EXISTS `tarea3grupo22`.`privateMessage` ;

CREATE TABLE IF NOT EXISTS `tarea3grupo22`.`privateMessage` (
  `idprivateMessage` INT NOT NULL,
  `content` VARCHAR(255) NOT NULL,
  `sender_username` VARCHAR(30) NOT NULL,
  `receiver_username` VARCHAR(30) NOT NULL,
  PRIMARY KEY (`idprivateMessage`),
  INDEX `fk_privateMessage_user1_idx` (`sender_username` ASC),
  INDEX `fk_privateMessage_user2_idx` (`receiver_username` ASC),
  CONSTRAINT `fk_privateMessage_user1`
    FOREIGN KEY (`sender_username`)
    REFERENCES `tarea3grupo22`.`user` (`username`)
    ON DELETE NO ACTION
    ON UPDATE CASCADE,
  CONSTRAINT `fk_privateMessage_user2`
    FOREIGN KEY (`receiver_username`)
    REFERENCES `tarea3grupo22`.`user` (`username`)
    ON DELETE NO ACTION
    ON UPDATE CASCADE)
ENGINE = InnoDB;


-- -----------------------------------------------------
-- Table `tarea3grupo22`.`publicationKarma`
-- -----------------------------------------------------
DROP TABLE IF EXISTS `tarea3grupo22`.`publicationKarma` ;

CREATE TABLE IF NOT EXISTS `tarea3grupo22`.`publicationKarma` (
  `publication_idPublication` INT NOT NULL,
  `user_username` VARCHAR(30) NOT NULL,
  `value` INT(11) NOT NULL,
  PRIMARY KEY (`publication_idPublication`, `user_username`),
  INDEX `fk_publicationKarma_user1_idx` (`user_username` ASC),
  CONSTRAINT `fk_publicationKarma_publication1`
    FOREIGN KEY (`publication_idPublication`)
    REFERENCES `tarea3grupo22`.`publication` (`idPublication`)
    ON DELETE NO ACTION
    ON UPDATE NO ACTION,
  CONSTRAINT `fk_publicationKarma_user1`
    FOREIGN KEY (`user_username`)
    REFERENCES `tarea3grupo22`.`user` (`username`)
    ON DELETE NO ACTION
    ON UPDATE NO ACTION)
ENGINE = InnoDB;


-- -----------------------------------------------------
-- Table `tarea3grupo22`.`event`
-- -----------------------------------------------------
DROP TABLE IF EXISTS `tarea3grupo22`.`event` ;

CREATE TABLE IF NOT EXISTS `tarea3grupo22`.`event` (
  `id_event` INT NOT NULL,
  `title` VARCHAR(45) NOT NULL,
  `description` VARCHAR(255) NOT NULL,
  `date` VARCHAR(45) NOT NULL,
  `time` VARCHAR(45) NOT NULL,
  `place` VARCHAR(45) NOT NULL,
  `visibility` VARCHAR(45) NOT NULL,
  PRIMARY KEY (`id_event`),
  INDEX `fk_event_publication1_idx` (`id_event` ASC),
  CONSTRAINT `fk_event_publication1`
    FOREIGN KEY (`id_event`)
    REFERENCES `tarea3grupo22`.`publication` (`idPublication`)
    ON DELETE CASCADE
    ON UPDATE CASCADE)
ENGINE = InnoDB;


-- -----------------------------------------------------
-- Table `tarea3grupo22`.`invitedList`
-- -----------------------------------------------------
DROP TABLE IF EXISTS `tarea3grupo22`.`invitedList` ;

CREATE TABLE IF NOT EXISTS `tarea3grupo22`.`invitedList` (
  `id_event` INT NOT NULL,
  `id_user` VARCHAR(30) NOT NULL,
  `assistance` VARCHAR(45) NOT NULL,
  `show_notification` TINYINT(1) NOT NULL,
  INDEX `fk_invitedList_event1_idx` (`id_event` ASC),
  INDEX `fk_invitedList_user1_idx` (`id_user` ASC),
  PRIMARY KEY (`id_event`, `id_user`),
  CONSTRAINT `fk_invitedList_event1`
    FOREIGN KEY (`id_event`)
    REFERENCES `tarea3grupo22`.`event` (`id_event`)
    ON DELETE CASCADE
    ON UPDATE CASCADE,
  CONSTRAINT `fk_invitedList_user1`
    FOREIGN KEY (`id_user`)
    REFERENCES `tarea3grupo22`.`user` (`username`)
    ON DELETE CASCADE
    ON UPDATE CASCADE)
ENGINE = InnoDB;


-- -----------------------------------------------------
-- Table `tarea3grupo22`.`contentTag`
-- -----------------------------------------------------
DROP TABLE IF EXISTS `tarea3grupo22`.`contentTag` ;

CREATE TABLE IF NOT EXISTS `tarea3grupo22`.`contentTag` (
  `tag_name` VARCHAR(45) NOT NULL,
  `tag_description` VARCHAR(255) NOT NULL,
  PRIMARY KEY (`tag_name`))
ENGINE = InnoDB;


-- -----------------------------------------------------
-- Table `tarea3grupo22`.`userTag`
-- -----------------------------------------------------
DROP TABLE IF EXISTS `tarea3grupo22`.`userTag` ;

CREATE TABLE IF NOT EXISTS `tarea3grupo22`.`userTag` (
  `id_publication` INT NOT NULL,
  `id_user` VARCHAR(30) NOT NULL,
  `untagged` TINYINT(1) NULL,
  PRIMARY KEY (`id_publication`, `id_user`),
  INDEX `fk_userTag_user1_idx` (`id_user` ASC),
  CONSTRAINT `fk_userTag_publication1`
    FOREIGN KEY (`id_publication`)
    REFERENCES `tarea3grupo22`.`publication` (`idPublication`)
    ON DELETE NO ACTION
    ON UPDATE NO ACTION,
  CONSTRAINT `fk_userTag_user1`
    FOREIGN KEY (`id_user`)
    REFERENCES `tarea3grupo22`.`user` (`username`)
    ON DELETE NO ACTION
    ON UPDATE NO ACTION)
ENGINE = InnoDB;


-- -----------------------------------------------------
-- Table `tarea3grupo22`.`publicationTag`
-- -----------------------------------------------------
DROP TABLE IF EXISTS `tarea3grupo22`.`publicationTag` ;

CREATE TABLE IF NOT EXISTS `tarea3grupo22`.`publicationTag` (
  `idPublication` INT NOT NULL,
  `tag_name` VARCHAR(45) NOT NULL,
  PRIMARY KEY (`idPublication`, `tag_name`),
  INDEX `fk_publicationTag_contentTag1_idx` (`tag_name` ASC),
  CONSTRAINT `fk_publicationTag_publication1`
    FOREIGN KEY (`idPublication`)
    REFERENCES `tarea3grupo22`.`publication` (`idPublication`)
    ON DELETE CASCADE
    ON UPDATE CASCADE,
  CONSTRAINT `fk_publicationTag_contentTag1`
    FOREIGN KEY (`tag_name`)
    REFERENCES `tarea3grupo22`.`contentTag` (`tag_name`)
    ON DELETE CASCADE
    ON UPDATE CASCADE)
ENGINE = InnoDB;


-- -----------------------------------------------------
-- Table `tarea3grupo22`.`userPublication`
-- -----------------------------------------------------
DROP TABLE IF EXISTS `tarea3grupo22`.`userPublication` ;

CREATE TABLE IF NOT EXISTS `tarea3grupo22`.`userPublication` (
  `id_user` VARCHAR(30) NOT NULL,
  `id_publication` INT NOT NULL,
  PRIMARY KEY (`id_user`, `id_publication`),
  INDEX `fk_user_publication_publication1_idx` (`id_publication` ASC),
  CONSTRAINT `fk_user_publication_user1`
    FOREIGN KEY (`id_user`)
    REFERENCES `tarea3grupo22`.`user` (`username`)
    ON DELETE NO ACTION
    ON UPDATE CASCADE,
  CONSTRAINT `fk_user_publication_publication1`
    FOREIGN KEY (`id_publication`)
    REFERENCES `tarea3grupo22`.`publication` (`idPublication`)
    ON DELETE CASCADE
    ON UPDATE CASCADE)
ENGINE = InnoDB;


-- -----------------------------------------------------
-- Table `tarea3grupo22`.`elo`
-- -----------------------------------------------------
DROP TABLE IF EXISTS `tarea3grupo22`.`elo` ;

CREATE TABLE IF NOT EXISTS `tarea3grupo22`.`elo` (
  `idchessPlayer` INT NOT NULL,
  `date` DATE NOT NULL,
  `elo` INT NOT NULL,
  `k` INT NOT NULL,
  PRIMARY KEY (`idchessPlayer`, `date`),
  INDEX `fk_elo_chessPlayer1_idx` (`idchessPlayer` ASC),
  CONSTRAINT `fk_elo_chessPlayer1`
    FOREIGN KEY (`idchessPlayer`)
    REFERENCES `tarea3grupo22`.`chessPlayer` (`idchessPlayer`)
    ON DELETE CASCADE
    ON UPDATE CASCADE)
ENGINE = InnoDB;


-- -----------------------------------------------------
-- Table `tarea3grupo22`.`matchboard`
-- -----------------------------------------------------
DROP TABLE IF EXISTS `tarea3grupo22`.`matchboard` ;

CREATE TABLE IF NOT EXISTS `tarea3grupo22`.`matchboard` (
  `matchboard_id` INT NOT NULL AUTO_INCREMENT,
  `white_player` VARCHAR(100) NOT NULL,
  `black_player` VARCHAR(100) NOT NULL,
  `match_origin` INT(1) NOT NULL DEFAULT 0,
  `details` VARCHAR(1000) NULL,
  `format` INT(1) NOT NULL DEFAULT 0,
  `pgn_board` VARCHAR(45) NULL DEFAULT NULL,
  `pgn_string` VARCHAR(45) NULL DEFAULT NULL,
  `input_date` DATE NULL DEFAULT NULL,
  `title` VARCHAR(45) NOT NULL,
  `matchboardcol` VARCHAR(45) NULL,
  PRIMARY KEY (`matchboard_id`))
ENGINE = InnoDB;


-- -----------------------------------------------------
-- Table `tarea3grupo22`.`user_info`
-- -----------------------------------------------------
DROP TABLE IF EXISTS `tarea3grupo22`.`user_info` ;

CREATE TABLE IF NOT EXISTS `tarea3grupo22`.`user_info` (
  `user_id` VARCHAR(30) NOT NULL,
  `about` VARCHAR(1000) NULL,
  `location` VARCHAR(45) NULL,
  `birth_date` DATE NULL,
  `work_place` VARCHAR(45) NULL,
  `contact_info` VARCHAR(1000) NULL,
  INDEX `fk_user_info_user1_idx` (`user_id` ASC),
  CONSTRAINT `fk_user_info_user1`
    FOREIGN KEY (`user_id`)
    REFERENCES `tarea3grupo22`.`user` (`username`)
    ON DELETE NO ACTION
    ON UPDATE NO ACTION)
ENGINE = InnoDB;


-- -----------------------------------------------------
-- Table `tarea3grupo22`.`uploadsMatch`
-- -----------------------------------------------------
DROP TABLE IF EXISTS `tarea3grupo22`.`uploadsMatch` ;

CREATE TABLE IF NOT EXISTS `tarea3grupo22`.`uploadsMatch` (
  `user_id` VARCHAR(30) NOT NULL,
  `matchboard_id` INT NOT NULL,
  PRIMARY KEY (`user_id`, `matchboard_id`),
  INDEX `fk_uploadsMatch_matchboard1_idx` (`matchboard_id` ASC),
  CONSTRAINT `fk_uploadsMatch_user1`
    FOREIGN KEY (`user_id`)
    REFERENCES `tarea3grupo22`.`user` (`username`)
    ON DELETE CASCADE
    ON UPDATE CASCADE,
  CONSTRAINT `fk_uploadsMatch_matchboard1`
    FOREIGN KEY (`matchboard_id`)
    REFERENCES `tarea3grupo22`.`matchboard` (`matchboard_id`)
    ON DELETE CASCADE
    ON UPDATE CASCADE)
ENGINE = InnoDB;


SET SQL_MODE=@OLD_SQL_MODE;
SET FOREIGN_KEY_CHECKS=@OLD_FOREIGN_KEY_CHECKS;
SET UNIQUE_CHECKS=@OLD_UNIQUE_CHECKS;

-- -----------------------------------------------------
-- Data for table `tarea3grupo22`.`userStatus`
-- -----------------------------------------------------
START TRANSACTION;
USE `tarea3grupo22`;
INSERT INTO `tarea3grupo22`.`userStatus` (`iduserStatus`, `name`, `until`) VALUES (1, 'Usuario Activo', NULL);
INSERT INTO `tarea3grupo22`.`userStatus` (`iduserStatus`, `name`, `until`) VALUES (2, 'Usuario Baneado', NULL);
INSERT INTO `tarea3grupo22`.`userStatus` (`iduserStatus`, `name`, `until`) VALUES (3, 'Usuario Administrador', NULL);

COMMIT;


-- -----------------------------------------------------
-- Data for table `tarea3grupo22`.`sex`
-- -----------------------------------------------------
START TRANSACTION;
USE `tarea3grupo22`;
INSERT INTO `tarea3grupo22`.`sex` (`idtable1`, `description`) VALUES ('0', 'Desconocido');
INSERT INTO `tarea3grupo22`.`sex` (`idtable1`, `description`) VALUES ('1', 'Masculino');
INSERT INTO `tarea3grupo22`.`sex` (`idtable1`, `description`) VALUES ('2', 'Femenino');
INSERT INTO `tarea3grupo22`.`sex` (`idtable1`, `description`) VALUES ('9', 'No Aplica');

COMMIT;


-- -----------------------------------------------------
-- Data for table `tarea3grupo22`.`user`
-- -----------------------------------------------------
START TRANSACTION;
USE `tarea3grupo22`;
INSERT INTO `tarea3grupo22`.`user` (`username`, `password`, `first_name`, `last_name`, `email`, `sex`, `avatar`, `userStatus`, `chessClub_idchessClub`, `chessPlayer_idchessPlayer`) VALUES ('user01', 'password', 'Hibiki', 'Tachibana', 'user01@XX.cl', '2', 'avatar0.jpg', 3, NULL, NULL);
INSERT INTO `tarea3grupo22`.`user` (`username`, `password`, `first_name`, `last_name`, `email`, `sex`, `avatar`, `userStatus`, `chessClub_idchessClub`, `chessPlayer_idchessPlayer`) VALUES ('user02', 'password', 'Hikaru', 'Nakamura', 'user02@XX.cl', '1', 'avatar1.jpg', 1, NULL, NULL);
INSERT INTO `tarea3grupo22`.`user` (`username`, `password`, `first_name`, `last_name`, `email`, `sex`, `avatar`, `userStatus`, `chessClub_idchessClub`, `chessPlayer_idchessPlayer`) VALUES ('user03', 'password', 'Magnus', 'Carlsen', 'user03@XX.cl', '1', 'avatar2.jpg', 1, NULL, NULL);
INSERT INTO `tarea3grupo22`.`user` (`username`, `password`, `first_name`, `last_name`, `email`, `sex`, `avatar`, `userStatus`, `chessClub_idchessClub`, `chessPlayer_idchessPlayer`) VALUES ('user04', 'password', 'Maria', 'Cadenzavna', 'user04@XX.cl', '2', 'avatar3.jpg', 1, NULL, NULL);
INSERT INTO `tarea3grupo22`.`user` (`username`, `password`, `first_name`, `last_name`, `email`, `sex`, `avatar`, `userStatus`, `chessClub_idchessClub`, `chessPlayer_idchessPlayer`) VALUES ('user05', 'password', 'Mauricio', 'Muñoz', 'user05@XX.cl', '1', 'avatar4.jpg', 1, NULL, NULL);
INSERT INTO `tarea3grupo22`.`user` (`username`, `password`, `first_name`, `last_name`, `email`, `sex`, `avatar`, `userStatus`, `chessClub_idchessClub`, `chessPlayer_idchessPlayer`) VALUES ('user06', 'password', 'Gerald', 'Zeballos', 'user06@XX.cl', '0', 'avatar5.jpg', 1, NULL, NULL);
INSERT INTO `tarea3grupo22`.`user` (`username`, `password`, `first_name`, `last_name`, `email`, `sex`, `avatar`, `userStatus`, `chessClub_idchessClub`, `chessPlayer_idchessPlayer`) VALUES ('user07', 'password', 'Juan', 'Perez', 'user07@XX.cl', '0', 'avatar6.jpg', 1, NULL, NULL);
INSERT INTO `tarea3grupo22`.`user` (`username`, `password`, `first_name`, `last_name`, `email`, `sex`, `avatar`, `userStatus`, `chessClub_idchessClub`, `chessPlayer_idchessPlayer`) VALUES ('user08', 'password', 'Pablo', 'Pollo', 'user08@XX.cl', '1', 'avatar7.jpg', 1, NULL, NULL);
INSERT INTO `tarea3grupo22`.`user` (`username`, `password`, `first_name`, `last_name`, `email`, `sex`, `avatar`, `userStatus`, `chessClub_idchessClub`, `chessPlayer_idchessPlayer`) VALUES ('user09', 'password', 'Chris', 'Yukine', 'user09@XX.cl', '2', 'avatar8.jpg', 1, NULL, NULL);
INSERT INTO `tarea3grupo22`.`user` (`username`, `password`, `first_name`, `last_name`, `email`, `sex`, `avatar`, `userStatus`, `chessClub_idchessClub`, `chessPlayer_idchessPlayer`) VALUES ('user10', 'password', 'John', 'Titor', 'user10@XX.cl', '1', 'avatar9.jpg', 1, NULL, NULL);

COMMIT;

